20162020100/Diego/21/diego@gmail.com/Sistemas/Pregrado/5/10-10-2020-Pfizer,10-4-2021-Pfizer/30-31-34
20172020101/Steven/19/s@gmail.com/Sistemas/Postgrado/8/12-12-2020-Moderna,12-6-2021-Moderna,12-10-2021-Pfizer/32-78
20182020102/Maria/20/mari@gmail.com/Sistemas/Pregrado/7/6-4-2020-Sinovac,2-8-2020-AstraZeneca/35
20152020103/Carolay/21/cyharz@gmail.com/Sistemas/Pregrado/5/11-8-2021-Johnson/30-31-34
20202020104/Pedro/18/edro@gmail.com/Sistemas/Postgrado/1/25-8-2021-Sinovac,18-12-2021-Sinovac/66-73
20152020105/Fabrizio/19/abrizio@gmail.com/Sistemas/Pregrado/10/8-7-2021-AstraZeneca,27-10-2021-AstraZeneca/39
20142020106/Santino/20/antino@gmail.com/Electronica/Postgrado/4/24-9-2020-Moderna,19-1-2021-Moderna,27-4-2021-Pfizer/33
20182020107/Donato/21/onato@gmail.com/Electronica/Pregrado/9/2-10-2021-Sinovac,28-1-2022-Sinovac/49-69
20202020108/Ayla/24/yla@gmail.com/Electronica/Pregrado/8/16-6-2021-Pfizer/40-42
20212020109/Lara/19/ara@gmail.com/Electronica/Postgrado/3/9-8-2021-AstraZeneca,29-11-2021-Moderna/43-44
20162020110/Nain/20/ain@gmail.com/Electronica/Postgrado/2/22-2-2021-Sinovac,17-5-2021-Sinovac,3-9-2021-AstraZeneca/51
20172020111/Olena/21/lena@gmail.com/Electronica/Postgrado/3/29-1-2022-Moderna/43-44
20162020112/Rita/18/ita@gmail.com/Industrial/Pregrado/9/18-3-2021-Moderna,22-6-2021-Moderna/60
20202020113/Nakia/19/akia@gmail.com/Industrial/Postgrado/3/7-10-2020-Pfizer,25-1-2021-Pfizer,12-5-2021-Sinovac/36
20192020114/Dara/21/ara@gmail.com/Industrial/Pregrado/4/21-2-2022-Johnson/53
20152020115/Ulises/21/lises@gmail.com/Industrial/Pregrado/2/17-9-2021-Moderna,26-12-2021-Moderna/52-57
20182020116/Aquiles/25/quiles@gmail.com/Industrial/Postgrado/7/29-7-2021-Johnson/59
20212020117/Apolo/24/polo@gmail.com/Industrial/Postgrado/5/27-4-2021-Pfizer,16-7-2021-Pfizer,4-10-2021-AstraZeneca/62
20192020118/Filippo/20/ilippo@gmail.com/Electrica/Pregrado/8/27-2-2021-Moderna,14-5-2021-Moderna/41-65
20202020119/Giovanni/17/iovanni@gmail.com/Electrica/Postgrado/7/27-7-2021-AstraZeneca/61
20212020120/Oliver/17/liver@gmail.com/Electrica/Pregrado/4/31-3-2021-Johnson/68
20172020121/Bruno/22/runo@gmail.com/Electrica/Pregrado/7/12-9-2020-Pfizer,5-12-2020-Pfizer/46
20162020122/Dylan/23/ylan@gmail.com/Electrica/Postgrado/3/30-9-2021-Sinovac,26-1-2022-Sinovac/47
20152020123/Iker/26/ker@gmail.com/Electrica/Postgrado/8/4-11-2020-AstraZeneca,17-4-2021-AstraZeneca,23-9-2021-Moderna/48
20162020124/Mohamed/21/ohamed@gmail.com/Catastral/Postgrado/10/21-2-2022-Pfizer/84
20172020125/Pol/20/pol@gmail.com/Catastral/Pregrado/10/6-1-2022-Moderna/82
20202020126/Alan/19/lan@gmail.com/Catastral/Postgrado/4/11-3-2021-AstraZeneca,23-7-2021-Sinovac/67
20212020127/Atenea/19/tenea@gmail.com/Catastral/Pregrado/5/25-4-2021-Pfizer,18-8-2021-Pfizer,6-11-2021-AstraZeneca/79
20152020128/Paula/18/aula@gmail.com/Catastral/Postgrado/8/16-5-2021-Johnson/72
20182020129/Emma/23/mma@gmail.com/Catastral/Pregrado/1/20-5-2021-Sinovac,14-9-2021-Sinovac/38
20152020130/Mafe/20/mafe@gmail.com/Sistemas/Pregrado/7/29-10-2021-Moderna,29-1-2022-Moderna/37
20172020131/Deny/22/deny@gmail.com/Electrica/Pregrado/5/17-5-2021-Pfizer,17-8-2021-Pfizer,17-11-2021-AstraZeneca/45
20132020132/Gabriel/25/gaby@gmail.com/Electronica/Pregrado/9/3-8-2021-Sinovac,29-11-2021-Sinovac/50
20192020133/Patricia/21/patricio@gmial.com/Industrial/Pregrado/5/21-4-2021-Johnson/54
20202020134/Ivonne/19/ivonne@gmail.com/Industrial/Postgrado/4/11-11-2021-Johnson/55
20212020135/Jenny/19/jenny@gmail.com/Industrial/Pregrado/3/20-3-2021-Moderna,24-6-2021-Moderna/56
20212020136/Hugo/28/hugo@gmail.com/Sistemas/Postgrado/2/4-7-2021-Sinovac,28-10-2021-Sinovac/58
20142020137/Juliana/25/juli@gmail.com/Industrial/Pregrado/10/22-2-2021-Sinovac,17-5-2021-Sinovac,3-9-2021-AstraZeneca/63
20132020138/Catalina/23/cata@gmail.com/Industrial/Postgrado/8/13-1-2022-Moderna/64
20142020139/Ivan/28/ivan@gmail.com/Electronica/Pregrado/10/2-10-2020-Pfizer,3-4-2021-Pfizer/70
20152020140/David/24/david@gmail.com/Electrica/Pregrado/9/18-3-2021-Moderna,22-6-2021-Moderna/71
20192020141/Sebastian/19/sebas@gmail.com/Electrica/Pregrado/5/11-8-2021-Johnson/74
20202020142/Eliana/18/elianis@gmail.com/Catastral/Pregrado/2/10-9-2021-AstraZeneca,29-12-2021-Moderna/75
20132020143/Karen/21/karen@gmail.com/Catastral/Postgrado/5/19-1-2022-Pfizer/76
20182020144/Marcela/22/marcela@gmail.com/Industrial/Postgrado/6/28-4-2021-Pfizer,17-7-2021-Pfizer/77
20212020145/Margarita/17/margar@gmail.com/Catastral/Pregrado/1/5-8-2021-Sinovac/80
20192020146/Melissa/22/meliss@gmail.com/Catastral/Pregrado/5/15-3-2021-Johnson/81
20182020147/Oscar/22/oscar@gmail.com/Catastral/Pregrado/6/6-5-2021-AstraZeneca,7-8-2021-AstraZeneca/83
